<?xml version="1.0" encoding="UTF-8"?>
<project-private xmlns="http://www.netbeans.org/ns/project-private/1">
    <editor-bookmarks xmlns="http://www.netbeans.org/ns/editor-bookmarks/2" lastBookmarkId="0"/>
    <open-files xmlns="http://www.netbeans.org/ns/projectui-open-files/2">
        <group>
            <file>file:/C:/Users/Joshua/Desktop/JoshuaBelforFinalProjectJava/FinalProject/src/finalproject/FXMLDocumentController.java</file>
            <file>file:/C:/Users/Joshua/Desktop/JoshuaBelforFinalProjectJava/FinalProject/src/finalproject/CookBook.java</file>
            <file>file:/C:/Users/Joshua/Desktop/JoshuaBelforFinalProjectJava/FinalProject/src/finalproject/Book.java</file>
            <file>file:/C:/Users/Joshua/Desktop/JoshuaBelforFinalProjectJava/FinalProject/src/finalproject/FinalProject.java</file>
            <file>file:/C:/Users/Joshua/Desktop/JoshuaBelforFinalProjectJava/FinalProject/src/finalproject/TextDocument.java</file>
            <file>file:/C:/Users/Joshua/Desktop/JoshuaBelforFinalProjectJava/FinalProject/src/finalproject/TextBook.java</file>
            <file>file:/C:/Users/Joshua/Desktop/JoshuaBelforFinalProjectJava/FinalProject/src/finalproject/Email.java</file>
            <file>file:/C:/Users/Joshua/Desktop/JoshuaBelforFinalProjectJava/FinalProject/src/finalproject/AdvertisementEmail.java</file>
        </group>
    </open-files>
</project-private>
